"Дата";"Артикул";"Наименование";"Валюта";"Итого";"Цена";"Доставка";"ЦенаБазовая";"Остаток"
"2026-09-04 10:54:29";"1422010347";"TROUVER Робот-пылесос S70 Ultra Roller, 32000 Па, RU-Версия";"kzt";"486660";"474220";"12440";"891400";"54"
"2026-09-04 10:54:29";"1422010363";"TROUVER Робот-пылесос S70 Pro Roller, 30000 Па, RU-версия";"kzt";"429590";"418420";"11170";"734080";"54"
"2026-09-04 06:44:41";"1422010347";"TROUVER Робот-пылесос S70 Ultra Roller, 32000 Па, RU-Версия";"kzt";"486660";"474220";"12440";"891400";"35"
"2026-09-04 10:10:57";"1422010207";"TROUVER Робот-пылесос Z50 Ultra, RU-версия";"kzt";"465730";"453030";"12700";"786520";"39"
"2026-09-04 10:50:59";"259494387";"АГРОЛО Гидропонная система выращивания растений";"kzt";"41090";"39650";"1440";"78130";"15"
"2026-09-04 11:05:56";"1422010363";"TROUVER Робот-пылесос S70 Pro Roller, 30000 Па, RU-версия";"kzt";"429550";"418420";"11130";"734080";"42"
"2026-09-04 11:05:56";"1422010347";"TROUVER Робот-пылесос S70 Ultra Roller, 32000 Па, RU-Версия";"kzt";"486620";"474220";"12400";"891400";"42"
"2026-09-04 11:05:56";"259494387";"АГРОЛО Гидропонная система выращивания растений";"kzt";"41060";"39650";"1410";"78130";"15"
"2026-09-04 11:36:00";"1422010363";"TROUVER Робот-пылесос S70 Pro Roller, 30000 Па, RU-версия";"kzt";"429590";"418420";"11170";"734080";"42"
"2026-09-04 11:36:00";"1422010347";"TROUVER Робот-пылесос S70 Ultra Roller, 32000 Па, RU-Версия";"kzt";"486660";"474220";"12440";"891400";"42"
"2026-09-04 11:36:00";"259494387";"АГРОЛО Гидропонная система выращивания растений";"kzt";"41090";"39650";"1440";"78130";"15"
"2026-09-04 12:20:59";"1260390072";"TROUVER S70 Pro Roller (RLZ11HE) пылесос для дома";"kzt";"441330";"426820";"14510";"460930";"12"
"2026-09-04 21:00:55";"1422010363";"TROUVER Робот-пылесос S70 Pro Roller, 30000 Па, RU-версия";"kzt";"431400";"420190";"11210";"737180";"51"
"2026-09-04 21:00:55";"1422010347";"TROUVER Робот-пылесос S70 Ultra Roller, 32000 Па, RU-Версия";"kzt";"488710";"476220";"12490";"895160";"51"
"2026-09-04 21:00:55";"259494387";"АГРОЛО Гидропонная система выращивания растений";"kzt";"41260";"39810";"1450";"78460";"15"
"2026-09-05 12:56:05";"259494387";"АГРОЛО Гидропонная система выращивания растений";"kzt";"41550";"40090";"1460";"78460";"15"
"2026-09-05 16:50:55";"901686058";"Purshat Витаминный биокомплекс для гидропоники универсальный";"kzt";"2760";"2690";"70";"4440";"52"
"2026-09-05 17:15:53";"1015602934";"SHOKZ Моногарнитура беспроводная C120-AN-BK Bluetooth Черный (C120";"kzt";"79850";"78080";"1770";"98850";"18"
"2026-09-05 21:06:02";"901686058";"Purshat Витаминный биокомплекс для гидропоники универсальный";"kzt";"2790";"2720";"70";"4430";"42"
"2026-09-06 10:35:56";"901686058";"Purshat Витаминный биокомплекс для гидропоники универсальный";"kzt";"3080";"3010";"70";"4430";"49"
"2026-09-06 13:35:52";"259494387";"АГРОЛО Гидропонная система выращивания растений";"kzt";"39050";"37890";"1160";"78460";"16"
"2026-09-06 21:10:53";"901686058";"Purshat Витаминный биокомплекс для гидропоники универсальный";"kzt";"3030";"2960";"70";"4460";"45"
"2026-09-07 08:40:55";"901686058";"Purshat Витаминный биокомплекс для гидропоники универсальный";"kzt";"3000";"2930";"70";"4470";"46"
"2026-09-07 10:10:58";"1015602934";"SHOKZ Моногарнитура беспроводная C120-AN-BK Bluetooth Черный (C120";"kzt";"78940";"77190";"1750";"97710";"18"
"2026-09-07 11:35:57";"901686058";"Purshat Витаминный биокомплекс для гидропоники универсальный";"kzt";"3050";"2980";"70";"4470";"54"
"2026-09-07 11:40:54";"901686058";"Purshat Витаминный биокомплекс для гидропоники универсальный";"kzt";"3070";"3000";"70";"4470";"54"
"2026-09-07 12:35:52";"1422010363";"TROUVER Робот-пылесос S70 Pro Roller, 30000 Па, RU-версия";"kzt";"431380";"420190";"11190";"737180";"39"
"2026-09-07 12:35:52";"1422010347";"TROUVER Робот-пылесос S70 Ultra Roller, 32000 Па, RU-Версия";"kzt";"488690";"476220";"12470";"895160";"39"
"2026-09-07 21:00:56";"1422010363";"TROUVER Робот-пылесос S70 Pro Roller, 30000 Па, RU-версия";"kzt";"434120";"422860";"11260";"741870";"45"
"2026-09-07 21:00:56";"1422010347";"TROUVER Робот-пылесос S70 Ultra Roller, 32000 Па, RU-Версия";"kzt";"491800";"479250";"12550";"900850";"45"
"2026-09-07 21:00:56";"259494387";"АГРОЛО Гидропонная система выращивания растений";"kzt";"39300";"38130";"1170";"78960";"15"
"2026-09-07 21:00:56";"901686058";"Purshat Витаминный биокомплекс для гидропоники универсальный";"kzt";"3090";"3020";"70";"4500";"45"
"2026-09-07 21:00:56";"1015602934";"SHOKZ Моногарнитура беспроводная C120-AN-BK Bluetooth Черный (C120";"kzt";"79440";"77680";"1760";"98330";"18"
"2026-09-07 21:15:54";"901686058";"Purshat Витаминный биокомплекс для гидропоники универсальный";"kzt";"3160";"3080";"80";"4480";"45"
"2026-09-07 21:45:54";"901686058";"Purshat Витаминный биокомплекс для гидропоники универсальный";"kzt";"3120";"3050";"70";"4480";"45"
"2026-09-08 04:15:56";"1422010363";"TROUVER Робот-пылесос S70 Pro Roller, 30000 Па, RU-версия";"kzt";"371980";"362050";"9930";"732910";"49"
"2026-09-08 04:15:56";"1422010347";"TROUVER Робот-пылесос S70 Ultra Roller, 32000 Па, RU-Версия";"kzt";"434190";"422880";"11310";"897460";"49"
"2026-09-08 09:35:57";"1015602934";"SHOKZ Моногарнитура беспроводная C120-AN-BK Bluetooth Черный (C120";"kzt";"79070";"77320";"1750";"97880";"18"
"2026-09-08 14:10:55";"1422010363";"TROUVER Робот-пылесос S70 Pro Roller, 30000 Па, RU-версия";"kzt";"362240";"352520";"9720";"732910";"39"
"2026-09-08 14:10:55";"1422010347";"TROUVER Робот-пылесос S70 Ultra Roller, 32000 Па, RU-Версия";"kzt";"422810";"411750";"11060";"897460";"39"
"2026-09-08 14:10:55";"259494387";"АГРОЛО Гидропонная система выращивания растений";"kzt";"38180";"37030";"1150";"78960";"15"
"2026-09-08 14:10:55";"1015602934";"SHOKZ Моногарнитура беспроводная C120-AN-BK Bluetooth Черный (C120";"kzt";"77070";"75360";"1710";"97880";"18"
"2026-09-08 14:15:56";"259494387";"АГРОЛО Гидропонная система выращивания растений";"kzt";"40440";"39240";"1200";"78960";"15"
"2026-09-08 18:25:56";"259494387";"АГРОЛО Гидропонная система выращивания растений";"kzt";"40430";"39240";"1190";"78960";"15"
"2026-09-08 21:00:55";"1422010363";"TROUVER Робот-пылесос S70 Pro Roller, 30000 Па, RU-версия";"kzt";"359190";"349560";"9630";"726750";"52"
"2026-09-08 21:00:55";"1422010347";"TROUVER Робот-пылесос S70 Ultra Roller, 32000 Па, RU-Версия";"kzt";"419260";"408290";"10970";"889910";"52"
"2026-09-08 21:00:55";"259494387";"АГРОЛО Гидропонная система выращивания растений";"kzt";"40090";"38910";"1180";"78300";"15"
"2026-09-08 21:00:55";"1015602934";"SHOKZ Моногарнитура беспроводная C120-AN-BK Bluetooth Черный (C120";"kzt";"76420";"74730";"1690";"97060";"18"
"2026-09-08 21:36:03";"259494387";"АГРОЛО Гидропонная система выращивания растений";"kzt";"40100";"38910";"1190";"78300";"15"
"2026-09-09 07:35:51";"259494387";"АГРОЛО Гидропонная система выращивания растений";"kzt";"40090";"38910";"1180";"78300";"15"
"2026-09-09 09:05:54";"1015602934";"SHOKZ Моногарнитура беспроводная C120-AN-BK Bluetooth Черный (C120";"kzt";"76680";"74980";"1700";"97380";"18"
"2026-09-09 11:50:56";"259494387";"АГРОЛО Гидропонная система выращивания растений";"kzt";"39530";"38360";"1170";"78300";"15"
"2026-09-09 11:50:56";"1015602934";"SHOKZ Моногарнитура беспроводная C120-AN-BK Bluetooth Черный (C120";"kzt";"75680";"74000";"1680";"97380";"18"
"2026-09-09 13:46:00";"259494387";"АГРОЛО Гидропонная система выращивания растений";"kzt";"38970";"37810";"1160";"78300";"15"
"2026-09-09 13:46:00";"1015602934";"SHOKZ Моногарнитура беспроводная C120-AN-BK Bluetooth Черный (C120";"kzt";"74690";"73030";"1660";"97380";"18"
"2026-09-09 19:35:57";"1422010363";"TROUVER Робот-пылесос S70 Pro Roller, 30000 Па, RU-версия";"kzt";"359210";"349560";"9650";"726750";"47"
"2026-09-09 19:35:57";"1422010347";"TROUVER Робот-пылесос S70 Ultra Roller, 32000 Па, RU-Версия";"kzt";"419280";"408290";"10990";"889910";"47"
"2026-09-09 21:00:56";"1422010363";"TROUVER Робот-пылесос S70 Pro Roller, 30000 Па, RU-версия";"kzt";"363610";"353840";"9770";"735640";"36"
"2026-09-09 21:00:56";"1422010347";"TROUVER Робот-пылесос S70 Ultra Roller, 32000 Па, RU-Версия";"kzt";"424410";"413280";"11130";"900800";"36"
"2026-09-09 21:00:56";"259494387";"АГРОЛО Гидропонная система выращивания растений";"kzt";"39460";"38280";"1180";"79260";"15"
"2026-09-09 21:00:56";"1015602934";"SHOKZ Моногарнитура беспроводная C120-AN-BK Bluetooth Черный (C120";"kzt";"75600";"73920";"1680";"98570";"18"
